,Sold_Date,latitude,longitude,year,quarter,Sold_Price
0,1990-01-19 00:00:00+00:00,-35.08782827,150.65042992,1990,1,35000.0
1,1990-02-16 00:00:00+00:00,-33.72845332,150.83453367,1990,1,107662.0
2,1990-03-08 00:00:00+00:00,-33.79347093,151.1853814,1990,1,583000.0
3,1990-04-12 00:00:00+00:00,-34.0189928,150.85733247,1990,2,115936.0
4,1990-05-11 00:00:00+00:00,-31.05452232,153.05058235,1990,2,123000.0
5,1990-06-20 00:00:00+00:00,-34.0633447,150.71663674,1990,2,66000.0
6,1990-08-17 00:00:00+00:00,-36.22069312,150.12650521,1990,3,70000.0
7,1990-09-21 00:00:00+00:00,-33.89379644,151.17656533,1990,3,131000.0
8,1990-10-15 00:00:00+00:00,-34.48122663,150.88126084,1990,4,55000.0
9,1990-10-26 00:00:00+00:00,-33.63140653,150.80061587,1990,4,118500.0
10,1990-11-22 00:00:00+00:00,-33.65070559,151.31428797,1990,4,301000.0
11,1990-11-23 00:00:00+00:00,-33.82087226,151.00948517,1990,4,104000.0
12,1990-11-29 00:00:00+00:00,-31.44641611,152.92744717,1990,4,81500.0
13,1990-12-06 00:00:00+00:00,-31.07881527,152.84186503,1990,4,380000.0
14,1991-01-18 00:00:00+00:00,-33.95564673,150.88788608,1991,1,75000.0
15,1991-02-04 00:00:00+00:00,-35.09983866,150.65633097,1991,1,70540.0
16,1991-02-22 00:00:00+00:00,-33.86391612,150.88379535,1991,1,235000.0
17,1991-02-26 00:00:00+00:00,-28.82880003,153.60451474,1991,1,85000.0
18,1991-03-07 00:00:00+00:00,-33.8686101,151.1310294,1991,1,172500.0
19,1991-03-26 00:00:00+00:00,-31.96861352,152.58607213,1991,1,96000.0
20,1991-04-17 00:00:00+00:00,-30.16766413,153.18638621,1991,2,77500.0
21,1991-05-03 00:00:00+00:00,-33.88835515,150.93650686,1991,2,999999.0
22,1991-05-03 00:00:00+00:00,-33.7115159,150.71724026,1991,2,60000.0
23,1991-05-17 00:00:00+00:00,-33.83680544,151.19780263,1991,2,167000.0
24,1991-05-22 00:00:00+00:00,-35.78018903,150.23008376,1991,2,134000.0
25,1991-06-04 00:00:00+00:00,-33.07200558,151.45625899,1991,2,46500.0
26,1991-06-05 00:00:00+00:00,-33.74883725,150.61103287,1991,2,82500.0
27,1991-06-27 00:00:00+00:00,-33.75075178,151.29236698,1991,2,160000.0
28,1991-07-08 00:00:00+00:00,-33.80248535,151.10694312,1991,3,129750.0
29,1991-07-10 00:00:00+00:00,-33.85266742,150.91675073,1991,3,82000.0
30,1991-07-17 00:00:00+00:00,-33.95647665,151.03098195,1991,3,167500.0
31,1991-07-30 00:00:00+00:00,-36.07558567,146.92603027,1991,3,70000.0
32,1991-09-02 00:00:00+00:00,-33.87370738,151.22632795,1991,3,150000.0
33,1991-09-24 00:00:00+00:00,-32.76455166,151.61052491,1991,3,109250.0
34,1991-10-29 00:00:00+00:00,-34.33614433,150.91753881,1991,4,120000.0
35,1991-12-12 00:00:00+00:00,-33.92029069,151.24086994,1991,4,79000.0
36,1991-12-13 00:00:00+00:00,-33.88499034,151.12082257,1991,4,140000.0
37,1991-12-19 00:00:00+00:00,-34.67048703,150.85415181,1991,4,564000.0
38,1991-12-20 00:00:00+00:00,-35.35894498,149.22738081,1991,4,75000.0
39,1992-01-23 00:00:00+00:00,-33.88996555,151.27341693,1992,1,118000.0
40,1992-02-12 00:00:00+00:00,-33.79855505,150.87718981,1992,1,4130915.0
41,1992-03-07 00:00:00+00:00,-33.11549053,151.56095988,1992,1,45000.0
42,1992-03-13 00:00:00+00:00,-33.78488369,151.08347639,1992,1,135842.0
43,1992-03-16 00:00:00+00:00,-33.03166987,151.65994506,1992,1,114500.0
44,1992-03-20 00:00:00+00:00,-33.84414811,151.0399709,1992,1,104000.0
45,1992-03-20 00:00:00+00:00,-33.82060513,151.12743151,1992,1,280000.0
46,1992-03-27 00:00:00+00:00,-33.8091466,151.26300737,1992,1,425000.0
47,1992-03-27 00:00:00+00:00,-34.05959218,151.15333903,1992,1,137500.0
48,1992-04-09 00:00:00+00:00,-30.33495326,149.79395894,1992,2,106000.0
49,1992-05-04 00:00:00+00:00,-33.89355844,151.1400187,1992,2,198000.0
50,1992-05-22 00:00:00+00:00,-33.75006928,150.60535806,1992,2,159000.0
51,1992-06-19 00:00:00+00:00,-33.84891521,151.00555644,1992,2,88000.0
52,1992-06-26 00:00:00+00:00,-31.56583553,147.20059665,1992,2,25000.0
53,1992-07-20 00:00:00+00:00,-34.06910294,151.00391154,1992,3,195000.0
54,1992-07-29 00:00:00+00:00,-33.71717678,150.34367715,1992,3,150000.0
55,1992-08-14 00:00:00+00:00,-33.82624791,151.22743719,1992,3,450000.0
56,1992-10-11 00:00:00+00:00,-33.80643338,151.03018157,1992,4,130000.0
57,1992-10-12 00:00:00+00:00,-33.84696821,151.00854792,1992,4,105000.0
58,1992-10-14 00:00:00+00:00,-33.88422483,151.2241031,1992,4,1395000.0
59,1992-10-21 00:00:00+00:00,-33.88393683,150.99877675,1992,4,158000.0
60,1992-11-05 00:00:00+00:00,-33.48065525,150.16673188,1992,4,79500.0
61,1992-11-25 00:00:00+00:00,-33.85935844,151.12970468,1992,4,430000.0
62,1992-12-07 00:00:00+00:00,-33.70534042,151.09182627,1992,4,230000.0
63,1992-12-11 00:00:00+00:00,-33.67089164,151.29810353,1992,4,287000.0
64,1992-12-14 00:00:00+00:00,-32.53635395,151.15876956,1992,4,37500.0
65,1993-01-27 00:00:00+00:00,-33.75928733,150.88980198,1993,1,105000.0
66,1993-03-22 00:00:00+00:00,-36.07065966,146.92143784,1993,1,128000.0
67,1993-03-29 00:00:00+00:00,-33.82563068,151.09018019,1993,1,365000.0
68,1993-04-06 00:00:00+00:00,-33.87378231,151.2361502,1993,2,275000.0
69,1993-04-20 00:00:00+00:00,-33.78971199,151.16799579,1993,2,400000.0
70,1993-04-30 00:00:00+00:00,-35.03139759,143.3381687,1993,2,19000.0
71,1993-05-03 00:00:00+00:00,-32.9352103,151.76777002,1993,2,140000.0
72,1993-05-24 00:00:00+00:00,-33.94072517,150.94837589,1993,2,174000.0
73,1993-05-27 00:00:00+00:00,-32.77746338,151.6460144,1993,2,45500.0
74,1993-06-01 00:00:00+00:00,-30.4678023,151.5814659,1993,2,115000.0
75,1993-06-16 00:00:00+00:00,-33.80972375,151.10813707,1993,2,103000.0
76,1993-06-18 00:00:00+00:00,-33.77899474,150.82620926,1993,2,147000.0
77,1993-07-01 00:00:00+00:00,-33.2470322,151.5080175,1993,3,89950.0
78,1993-07-07 00:00:00+00:00,-33.8853443,150.85338882,1993,3,84000.0
79,1993-07-12 00:00:00+00:00,-33.89413156,151.2422913,1993,3,213000.0
80,1993-07-16 00:00:00+00:00,-32.9885982,151.60725203,1993,3,36000.0
81,1993-07-21 00:00:00+00:00,-33.94833897,151.09065486,1993,3,217000.0
82,1993-08-13 00:00:00+00:00,-33.93967524,150.90767212,1993,3,130000.0
83,1993-08-17 00:00:00+00:00,-33.74687035,150.64697091,1993,3,59000.0
84,1993-08-18 00:00:00+00:00,-33.87378231,151.2361502,1993,3,440.0
85,1993-09-30 00:00:00+00:00,-34.09943296,150.80551686,1993,3,62500.0
86,1993-10-20 00:00:00+00:00,-32.9574058,151.70244248,1993,4,70000.0
87,1993-11-05 00:00:00+00:00,-33.87369778,151.20879424,1993,4,149500.0
88,1993-11-18 00:00:00+00:00,-34.44243007,147.53540371,1993,4,28500.0
89,1993-12-02 00:00:00+00:00,-34.03514239,150.80205603,1993,4,100000.0
90,1994-01-21 00:00:00+00:00,-33.88734945,151.01326362,1994,1,140000.0
91,1994-02-14 00:00:00+00:00,-33.83795558,148.69454056,1994,1,86000.0
92,1994-02-15 00:00:00+00:00,-35.70576451,150.24832087,1994,1,60000.0
93,1994-04-08 00:00:00+00:00,-34.57227978,150.8367581,1994,2,73000.0
94,1994-04-22 00:00:00+00:00,-33.96732631,151.00356555,1994,2,209000.0
95,1994-04-23 00:00:00+00:00,-33.66277139,151.1019079,1994,2,277500.0
96,1994-06-10 00:00:00+00:00,-32.88942428,151.65999752,1994,2,105000.0
97,1994-06-17 00:00:00+00:00,-33.80682879,151.122015,1994,2,280000.0
98,1994-06-29 00:00:00+00:00,-36.07628034,146.90667537,1994,2,100000.0
99,1994-07-22 00:00:00+00:00,-34.03092028,150.82145564,1994,3,142000.0
100,1994-08-23 00:00:00+00:00,-33.78742303,150.67917694,1994,3,72000.0
101,1994-09-09 00:00:00+00:00,-35.81658969,144.89698798,1994,3,70001.0
102,1994-10-21 00:00:00+00:00,-33.71342182,150.33405178,1994,4,485000.0
103,1994-10-25 00:00:00+00:00,-33.96337959,151.09684918,1994,4,133000.0
104,1994-10-31 00:00:00+00:00,-33.88948914,150.95115769,1994,4,140000.0
105,1994-11-10 00:00:00+00:00,-34.00178243,150.89560128,1994,4,126000.0
106,1994-11-18 00:00:00+00:00,-33.08731513,151.51082592,1994,4,80000.0
107,1995-03-02 00:00:00+00:00,-33.05928028,151.57683271,1995,1,43500.0
108,1995-03-10 00:00:00+00:00,-33.28121151,151.48179722,1995,1,59000.0
109,1995-03-30 00:00:00+00:00,-34.05417236,150.74723084,1995,1,228500.0
110,1995-05-19 00:00:00+00:00,-33.70940166,150.7087166,1995,2,150000.0
111,1995-06-03 00:00:00+00:00,-33.84432254,150.9658525,1995,2,181500.0
112,1995-06-09 00:00:00+00:00,-33.26852226,151.54189239,1995,2,100000.0
113,1995-06-21 00:00:00+00:00,-33.85277027,150.98995743,1995,2,215000.0
114,1995-07-21 00:00:00+00:00,-33.81169644,151.15913611,1995,3,315000.0
115,1995-08-16 00:00:00+00:00,-33.95784941,151.14762648,1995,3,210000.0
116,1995-08-26 00:00:00+00:00,-33.92162802,151.11286073,1995,3,215500.0
117,1995-08-31 00:00:00+00:00,-33.89513916,151.17706761,1995,3,85000.0
118,1995-09-04 00:00:00+00:00,-33.90103162,151.16595393,1995,3,97500.0
119,1995-09-08 00:00:00+00:00,-33.81879687,150.99589495,1995,3,100000.0
120,1995-09-27 00:00:00+00:00,-33.84879328,150.93406292,1995,3,120000.0
121,1995-11-17 00:00:00+00:00,-35.34157531,149.24063063,1995,4,120000.0
122,1995-12-01 00:00:00+00:00,-33.8703816,151.12578262,1995,4,275000.0
123,1995-12-01 00:00:00+00:00,-35.5340936,144.95902849,1995,4,117000.0
124,1996-02-02 00:00:00+00:00,-33.83213249,150.94868917,1996,1,195000.0
125,1996-02-28 00:00:00+00:00,-33.75571031,151.27343005,1996,1,215000.0
126,1996-03-07 00:00:00+00:00,-32.97725471,151.71351079,1996,1,118500.0
127,1996-03-21 00:00:00+00:00,-28.17974235,153.54638241,1996,1,100000.0
128,1996-04-02 00:00:00+00:00,-33.84261872,151.23419046,1996,2,610000.0
129,1996-04-12 00:00:00+00:00,-33.77029621,151.10040382,1996,2,170000.0
130,1996-04-15 00:00:00+00:00,-33.82140345,151.19363928,1996,2,310000.0
131,1996-04-17 00:00:00+00:00,-32.93567582,151.7699929,1996,2,145000.0
132,1996-05-14 00:00:00+00:00,-33.20705671,151.4962856,1996,2,97000.0
133,1996-07-16 00:00:00+00:00,-34.08728452,151.155697,1996,3,192000.0
134,1996-08-02 00:00:00+00:00,-33.90519719,150.86689233,1996,3,136500.0
135,1996-08-16 00:00:00+00:00,-33.83420286,151.12551062,1996,3,75000.0
136,1996-08-23 00:00:00+00:00,-34.01108361,150.81710144,1996,3,135000.0
137,1996-08-30 00:00:00+00:00,-33.80598588,151.2037374,1996,3,350000.0
138,1996-09-05 00:00:00+00:00,-33.89011081,150.93294025,1996,3,110000.0
139,1996-10-04 00:00:00+00:00,-29.8738328,150.57519841,1996,4,40000.0
140,1996-10-15 00:00:00+00:00,-33.94874247,151.25068331,1996,4,248000.0
141,1996-11-02 00:00:00+00:00,-33.96591652,151.09730718,1996,4,368000.0
142,1996-11-05 00:00:00+00:00,-33.1079367,151.49330725,1996,4,131000.0
143,1996-11-16 00:00:00+00:00,-33.92515036,151.25127263,1996,4,232000.0
144,1996-12-23 00:00:00+00:00,-33.84890045,151.21981481,1996,4,489000.0
145,1997-01-23 00:00:00+00:00,-33.86923943,151.22525747,1997,1,86000.0
146,1997-03-05 00:00:00+00:00,-33.83276337,151.22380048,1997,1,385000.0
147,1997-03-12 00:00:00+00:00,-33.79126201,151.12665061,1997,1,295000.0
148,1997-03-23 00:00:00+00:00,-33.8997687,150.94884774,1997,1,67500.0
149,1997-03-27 00:00:00+00:00,-33.88551604,151.14786975,1997,1,250000.0
150,1997-04-14 00:00:00+00:00,-33.49406095,151.3656476,1997,2,175000.0
151,1997-04-24 00:00:00+00:00,-35.35863629,150.47402632,1997,2,1845000.0
152,1997-04-30 00:00:00+00:00,-33.73882182,150.99388073,1997,2,356500.0
153,1997-05-01 00:00:00+00:00,-32.74265308,152.08729674,1997,2,182500.0
154,1997-05-27 00:00:00+00:00,-33.75965692,150.62176269,1997,2,155000.0
155,1997-06-06 00:00:00+00:00,-33.55863977,150.66402504,1997,2,320000.0
156,1997-06-13 00:00:00+00:00,-31.43976701,152.92292192,1997,2,102000.0
157,1997-07-08 00:00:00+00:00,-33.43219163,151.36284115,1997,3,155000.0
158,1997-07-29 00:00:00+00:00,-31.90542498,152.44153038,1997,3,210000.0
159,1997-08-07 00:00:00+00:00,-35.55398428,146.16862646,1997,3,1539.0
160,1997-08-20 00:00:00+00:00,-33.38484906,151.46062336,1997,3,145000.0
161,1997-08-20 00:00:00+00:00,-33.92560507,151.15751202,1997,3,250000.0
162,1997-08-25 00:00:00+00:00,-28.56110009,153.47655467,1997,3,173000.0
163,1997-09-15 00:00:00+00:00,-33.90987595,150.86860032,1997,3,65000.0
164,1997-09-29 00:00:00+00:00,-32.9472689,151.75175671,1997,3,690000.0
165,1997-09-30 00:00:00+00:00,-33.63617271,150.80086064,1997,3,133000.0
166,1997-09-30 00:00:00+00:00,-34.57021217,150.79441471,1997,3,90000.0
167,1997-10-13 00:00:00+00:00,-28.64485757,153.62315826,1997,4,160000.0
168,1997-10-13 00:00:00+00:00,-33.79416184,150.91047593,1997,4,90000.0
169,1997-10-16 00:00:00+00:00,-32.82230411,151.47548305,1997,4,97000.0
170,1997-10-31 00:00:00+00:00,-32.40028712,151.74957722,1997,4,17000.0
171,1997-11-02 00:00:00+00:00,-33.84005029,150.98895119,1997,4,130000.0
172,1997-11-20 00:00:00+00:00,-34.01167186,151.09148419,1997,4,410000.0
173,1997-11-25 00:00:00+00:00,-33.92933391,150.9124146,1997,4,135000.0
174,1998-02-04 00:00:00+00:00,-34.02764677,151.08217204,1998,1,241500.0
175,1998-02-06 00:00:00+00:00,-33.94598323,151.05299142,1998,1,215000.0
176,1998-02-09 00:00:00+00:00,-35.90826069,150.06872656,1998,1,130000.0
177,1998-03-11 00:00:00+00:00,-33.89319607,151.13828388,1998,1,280000.0
178,1998-03-19 00:00:00+00:00,-33.77498537,150.90534863,1998,1,210000.0
179,1998-03-27 00:00:00+00:00,-33.74302132,151.01419626,1998,1,285000.0
180,1998-04-21 00:00:00+00:00,-32.90889709,151.68464659,1998,2,148000.0
181,1998-04-23 00:00:00+00:00,-33.92382787,151.13502823,1998,2,175000.0
182,1998-05-08 00:00:00+00:00,-33.70156121,150.31546414,1998,2,143000.0
183,1998-05-14 00:00:00+00:00,-32.91618565,151.70279205,1998,2,85000.0
184,1998-06-01 00:00:00+00:00,-33.86373369,151.04183777,1998,2,203000.0
185,1998-06-04 00:00:00+00:00,-33.88547022,151.22978576,1998,2,625000.0
186,1998-07-09 00:00:00+00:00,-33.32640063,151.43593917,1998,3,114000.0
187,1998-07-24 00:00:00+00:00,-31.95701665,141.44457087,1998,3,25000.0
188,1998-08-20 00:00:00+00:00,-33.7258485,151.22094669,1998,3,340000.0
189,1998-10-12 00:00:00+00:00,-33.71708631,150.89884372,1998,4,177000.0
190,1998-11-07 00:00:00+00:00,-33.71652346,151.00331434,1998,4,340000.0
191,1998-12-02 00:00:00+00:00,-33.45148284,151.43482396,1998,4,70000.0
192,1998-12-10 00:00:00+00:00,-33.94906235,151.14081123,1998,4,157000.0
193,1999-01-11 00:00:00+00:00,-33.82254678,151.18211731,1999,1,690000.0
194,1999-01-12 00:00:00+00:00,-33.78347124,151.06425915,1999,1,195000.0
195,1999-02-11 00:00:00+00:00,-30.03366353,153.19818928,1999,1,157000.0
196,1999-02-19 00:00:00+00:00,-33.80432473,151.20259443,1999,1,372500.0
197,1999-02-19 00:00:00+00:00,-33.70207127,151.10909906,1999,1,217500.0
198,1999-02-22 00:00:00+00:00,-34.05076487,150.74570767,1999,1,235000.0
199,1999-02-27 00:00:00+00:00,-33.67804086,151.30851373,1999,1,776600.0
200,1999-03-05 00:00:00+00:00,-33.75295334,150.68802939,1999,1,180000.0
201,1999-03-16 00:00:00+00:00,-33.09413608,151.65785351,1999,1,210000.0
202,1999-04-01 00:00:00+00:00,-33.7611505,151.26054498,1999,2,382500.0
203,1999-04-08 00:00:00+00:00,-35.35520131,149.24039081,1999,2,48000.0
204,1999-04-13 00:00:00+00:00,-33.43598484,151.38576658,1999,2,410000.0
205,1999-04-15 00:00:00+00:00,-33.73023152,150.93088731,1999,2,329900.0
206,1999-05-07 00:00:00+00:00,-34.42012024,150.89943961,1999,2,96000.0
207,1999-05-12 00:00:00+00:00,-33.92996878,151.23746608,1999,2,445000.0
208,1999-05-21 00:00:00+00:00,-34.21972987,150.58379616,1999,2,68000.0
209,1999-05-24 00:00:00+00:00,-33.96524952,151.10423418,1999,2,336000.0
210,1999-07-08 00:00:00+00:00,-33.74944651,150.99320626,1999,3,320000.0
211,1999-07-27 00:00:00+00:00,-32.91834767,151.70967303,1999,3,205000.0
212,1999-07-28 00:00:00+00:00,-33.8361288,151.2151953,1999,3,296000.0
213,1999-07-31 00:00:00+00:00,-35.12644935,147.32430231,1999,3,63000.0
214,1999-09-01 00:00:00+00:00,-34.05579673,150.75090398,1999,3,284990.0
215,1999-09-09 00:00:00+00:00,-33.26558715,149.11013795,1999,3,43750.0
216,1999-09-22 00:00:00+00:00,-34.09639407,150.82114178,1999,3,122000.0
217,1999-10-01 00:00:00+00:00,-33.81154919,151.21730511,1999,4,325000.0
218,1999-11-05 00:00:00+00:00,-34.11071461,150.79265816,1999,4,121000.0
219,1999-11-09 00:00:00+00:00,-33.88919776,151.22902621,1999,4,596000.0
220,1999-11-12 00:00:00+00:00,-33.7393962,151.15163303,1999,4,240000.0
221,1999-11-26 00:00:00+00:00,-33.82049074,151.15277909,1999,4,535000.0
222,1999-12-02 00:00:00+00:00,-33.77938243,150.92408552,1999,4,168000.0
223,1999-12-06 00:00:00+00:00,-28.66369038,153.61209946,1999,4,138000.0
224,1999-12-22 00:00:00+00:00,-33.8739458,151.18406136,1999,4,432500.0
225,1999-12-24 00:00:00+00:00,-31.95963746,152.5838094,1999,4,118500.0
226,2000-01-12 00:00:00+00:00,-33.99530905,150.87500111,2000,1,183400.0
227,2000-01-14 00:00:00+00:00,-32.91546906,151.58607896,2000,1,155000.0
228,2000-01-17 00:00:00+00:00,-32.77808234,152.09290351,2000,1,87000.0
229,2000-01-25 00:00:00+00:00,-33.90786356,151.12388887,2000,1,330000.0
230,2000-02-07 00:00:00+00:00,-32.74694501,151.76502096,2000,1,95000.0
231,2000-02-16 00:00:00+00:00,-33.915766,151.14610958,2000,1,179000.0
232,2000-03-09 00:00:00+00:00,-34.43185376,150.86047337,2000,1,177000.0
233,2000-03-17 00:00:00+00:00,-33.49616,151.32908586,2000,1,265000.0
234,2000-03-25 00:00:00+00:00,-33.80110411,151.09944571,2000,1,680000.0
235,2000-03-27 00:00:00+00:00,-34.04014436,150.84846717,2000,1,156000.0
236,2000-04-04 00:00:00+00:00,-33.79893889,151.00077159,2000,2,150500.0
237,2000-04-05 00:00:00+00:00,-33.87776549,151.10320658,2000,2,325000.0
238,2000-04-14 00:00:00+00:00,-33.67973457,150.60430198,2000,2,215000.0
239,2000-04-18 00:00:00+00:00,-29.1158913,152.53089173,2000,2,20000.0
240,2000-04-19 00:00:00+00:00,-30.99168259,150.24810661,2000,2,70000.0
241,2000-04-20 00:00:00+00:00,-32.78221931,152.1103344,2000,2,280000.0
242,2000-05-09 00:00:00+00:00,-35.38745705,149.20778184,2000,2,152000.0
243,2000-05-16 00:00:00+00:00,-33.87146364,151.2405088,2000,2,1535000.0
244,2000-06-13 00:00:00+00:00,-33.35170908,151.43423206,2000,2,148000.0
245,2000-07-14 00:00:00+00:00,-34.03340891,151.02517489,2000,3,265000.0
246,2000-07-25 00:00:00+00:00,-33.74538714,151.26781529,2000,3,450000.0
247,2000-07-27 00:00:00+00:00,-33.18691275,151.56921861,2000,3,156000.0
248,2000-08-12 00:00:00+00:00,-32.72070585,152.17519999,2000,3,196000.0
249,2000-08-15 00:00:00+00:00,-33.96676187,151.08532105,2000,3,231000.0
250,2000-08-16 00:00:00+00:00,-33.12048039,151.52923305,2000,3,248000.0
251,2000-08-31 00:00:00+00:00,-34.38754951,150.8793355,2000,3,257000.0
252,2000-09-04 00:00:00+00:00,-33.78046226,150.76917567,2000,3,227000.0
253,2000-09-07 00:00:00+00:00,-33.98366437,150.88638765,2000,3,215000.0
254,2000-09-14 00:00:00+00:00,-33.80237347,151.18432275,2000,3,279000.0
255,2000-10-06 00:00:00+00:00,-33.81642231,151.08879387,2000,4,192500.0
256,2000-11-21 00:00:00+00:00,-32.91208468,151.70567681,2000,4,169000.0
257,2000-12-04 00:00:00+00:00,-33.0259724,151.65850434,2000,4,240000.0
258,2000-12-19 00:00:00+00:00,-33.85995725,151.10236434,2000,4,580000.0
259,2000-12-20 00:00:00+00:00,-33.88323764,151.20893622,2000,4,278000.0
260,2000-12-21 00:00:00+00:00,-29.54313249,150.57715962,2000,4,43000.0
261,2000-12-27 00:00:00+00:00,-33.90671462,151.05954845,2000,4,251500.0
262,2001-01-08 00:00:00+00:00,-33.89413471,150.94234525,2001,1,115000.0
263,2001-01-11 00:00:00+00:00,-33.69302009,151.10529695,2001,1,335000.0
264,2001-02-12 00:00:00+00:00,-28.49364699,153.5487915,2001,1,84500.0
265,2001-02-13 00:00:00+00:00,-34.57096006,150.76757447,2001,1,210000.0
266,2001-02-16 00:00:00+00:00,-33.81879687,150.99589495,2001,1,102000.0
267,2001-03-08 00:00:00+00:00,-33.85405204,150.88470805,2001,1,400000.0
268,2001-03-22 00:00:00+00:00,-33.66830974,150.97844848,2001,1,570000.0
269,2001-04-17 00:00:00+00:00,-33.09750132,151.46137657,2001,2,158000.0
270,2001-04-17 00:00:00+00:00,-32.99331923,151.5827921,2001,2,143000.0
271,2001-04-30 00:00:00+00:00,-32.78393762,152.08828258,2001,2,189000.0
272,2001-05-16 00:00:00+00:00,-33.7902723,150.90774556,2001,2,235000.0
273,2001-05-22 00:00:00+00:00,-28.81470852,153.3125225,2001,2,65000.0
274,2001-05-31 00:00:00+00:00,-35.38117867,149.21432756,2001,2,79000.0
275,2001-05-31 00:00:00+00:00,-33.6946111,151.08902937,2001,2,280000.0
276,2001-06-20 00:00:00+00:00,-32.2547386,148.62381707,2001,2,143500.0
277,2001-07-05 00:00:00+00:00,-33.42211912,151.34119304,2001,3,219000.0
278,2001-07-06 00:00:00+00:00,-28.25651563,153.57711605,2001,3,225000.0
279,2001-07-09 00:00:00+00:00,-31.94835004,141.4778996,2001,3,378500.0
280,2001-07-13 00:00:00+00:00,-33.62701596,151.32194554,2001,3,685000.0
281,2001-07-25 00:00:00+00:00,-28.49074484,153.54841773,2001,3,120000.0
282,2001-08-01 00:00:00+00:00,-34.0382057,151.10189557,2001,3,205000.0
283,2001-08-04 00:00:00+00:00,-33.86670586,151.19388249,2001,3,1617000.0
284,2001-08-04 00:00:00+00:00,-33.71725612,150.72463153,2001,3,254000.0
285,2001-08-15 00:00:00+00:00,-33.87401981,151.27960641,2001,3,2660000.0
286,2001-08-20 00:00:00+00:00,-33.75211521,151.23982075,2001,3,211200.0
287,2001-08-23 00:00:00+00:00,-33.76223839,150.99029671,2001,3,315000.0
288,2001-08-29 00:00:00+00:00,-34.01296522,151.0507313,2001,3,550000.0
289,2001-09-03 00:00:00+00:00,-33.77896174,150.88816881,2001,3,189000.0
290,2001-09-07 00:00:00+00:00,-34.55985403,150.86062681,2001,3,179990.0
291,2001-09-20 00:00:00+00:00,-32.54468782,151.16377076,2001,3,82000.0
292,2001-10-08 00:00:00+00:00,-33.79092731,150.94711943,2001,4,255000.0
293,2001-11-02 00:00:00+00:00,-33.71472478,150.31296658,2001,4,477000.0
294,2001-11-09 00:00:00+00:00,-30.29893608,153.10106001,2001,4,207000.0
295,2001-11-13 00:00:00+00:00,-33.82076864,150.99441624,2001,4,265000.0
296,2001-11-27 00:00:00+00:00,-33.90485466,151.06238044,2001,4,320000.0
297,2001-12-11 00:00:00+00:00,-32.95753301,151.6750786,2001,4,65000.0
298,2001-12-19 00:00:00+00:00,-34.01184318,151.01892525,2001,4,333000.0
299,2002-01-09 00:00:00+00:00,-32.20856455,152.52284862,2002,1,257000.0
300,2002-01-17 00:00:00+00:00,-34.01582246,151.07463335,2002,1,487000.0
301,2002-01-25 00:00:00+00:00,-33.95212988,151.08034812,2002,1,302000.0
302,2002-02-04 00:00:00+00:00,-32.92907976,151.75654168,2002,1,545000.0
303,2002-02-12 00:00:00+00:00,-34.04277348,151.02133988,2002,1,385000.0
304,2002-02-19 00:00:00+00:00,-33.73043992,151.29927538,2002,1,369000.0
305,2002-03-27 00:00:00+00:00,-33.80268326,151.18687446,2002,1,885000.0
306,2002-04-08 00:00:00+00:00,-33.76683169,150.78831361,2002,2,265000.0
307,2002-04-27 00:00:00+00:00,-33.26401738,151.54027449,2002,2,503000.0
308,2002-05-05 00:00:00+00:00,-33.73896714,150.64897826,2002,2,25000.0
309,2002-05-06 00:00:00+00:00,-33.776064,150.97787562,2002,2,475000.0
310,2002-05-06 00:00:00+00:00,-33.6866063,150.31099751,2002,2,89000.0
311,2002-05-24 00:00:00+00:00,-33.67888733,150.60366228,2002,2,235000.0
312,2002-06-04 00:00:00+00:00,-35.5341354,144.95528331,2002,2,58000.0
313,2002-07-02 00:00:00+00:00,-32.65390435,152.15125371,2002,3,300000.0
314,2002-07-25 00:00:00+00:00,-33.886772,150.90288592,2002,3,336500.0
315,2002-08-06 00:00:00+00:00,-33.91114986,151.15611513,2002,3,360000.0
316,2002-08-14 00:00:00+00:00,-34.01239825,151.06531313,2002,3,320000.0
317,2002-08-19 00:00:00+00:00,-32.77729465,151.65538175,2002,3,108000.0
318,2002-08-28 00:00:00+00:00,-33.80807826,151.19910965,2002,3,226000.0
319,2002-09-12 00:00:00+00:00,-33.49569947,151.35764896,2002,3,385000.0
320,2002-09-13 00:00:00+00:00,-33.85999171,151.03562819,2002,3,530000.0
321,2002-09-30 00:00:00+00:00,-32.73141593,152.11136899,2002,3,250000.0
322,2002-11-22 00:00:00+00:00,-31.02401646,152.85303628,2002,4,118000.0
323,2002-11-26 00:00:00+00:00,-28.34769049,153.47130713,2002,4,360000.0
324,2002-12-24 00:00:00+00:00,-32.93519404,151.62783256,2002,4,140000.0
325,2003-01-06 00:00:00+00:00,-34.0387437,151.11186088,2003,1,285000.0
326,2003-01-23 00:00:00+00:00,-29.71873892,152.93896713,2003,1,68000.0
327,2003-02-04 00:00:00+00:00,-32.89703041,151.66815549,2003,1,184000.0
328,2003-02-05 00:00:00+00:00,-28.66991267,153.2833991,2003,1,221000.0
329,2003-02-14 00:00:00+00:00,-33.96764716,151.24762999,2003,1,660000.0
330,2003-02-15 00:00:00+00:00,-33.99487608,151.13381668,2003,1,795000.0
331,2003-02-20 00:00:00+00:00,-32.27050563,148.62642128,2003,1,138000.0
332,2003-02-25 00:00:00+00:00,-33.72995877,150.71283324,2003,1,246000.0
333,2003-03-06 00:00:00+00:00,-33.9025237,151.20646179,2003,1,465000.0
334,2003-04-02 00:00:00+00:00,-33.76451193,151.04429459,2003,2,35000.0
335,2003-04-16 00:00:00+00:00,-34.36234948,150.9138063,2003,2,260000.0
336,2003-04-16 00:00:00+00:00,-28.21455596,153.51736856,2003,2,180000.0
337,2003-04-30 00:00:00+00:00,-33.83614619,151.00797516,2003,2,307000.0
338,2003-05-05 00:00:00+00:00,-33.64961801,151.31106219,2003,2,762000.0
339,2003-05-23 00:00:00+00:00,-33.73928991,150.48448687,2003,2,282000.0
340,2003-05-29 00:00:00+00:00,-33.95258979,151.03077762,2003,2,460000.0
341,2003-06-04 00:00:00+00:00,-28.86032859,153.01490973,2003,2,265000.0
342,2003-06-24 00:00:00+00:00,-35.14537561,147.35397233,2003,2,65000.0
343,2003-06-26 00:00:00+00:00,-33.83446079,150.97736844,2003,2,375000.0
344,2003-07-07 00:00:00+00:00,-32.9446267,151.66246935,2003,3,189000.0
345,2003-07-24 00:00:00+00:00,-33.76909779,150.78682996,2003,3,200000.0
346,2003-08-01 00:00:00+00:00,-33.91443848,151.08413767,2003,3,395000.0
347,2003-08-13 00:00:00+00:00,-34.83864277,150.59855617,2003,3,297500.0
348,2003-08-18 00:00:00+00:00,-30.2156244,151.67668661,2003,3,115000.0
349,2003-09-12 00:00:00+00:00,-35.8405351,146.79810527,2003,3,69500.0
350,2003-10-10 00:00:00+00:00,-33.8186251,151.06220321,2003,4,512000.0
351,2003-10-13 00:00:00+00:00,-34.03315631,151.02841662,2003,4,640000.0
352,2003-10-13 00:00:00+00:00,-33.76206463,150.9886258,2003,4,400000.0
353,2003-10-22 00:00:00+00:00,-34.54358066,150.78667669,2003,4,217000.0
354,2003-10-31 00:00:00+00:00,-28.17817692,153.5326163,2003,4,275000.0
355,2003-11-10 00:00:00+00:00,-33.70207127,151.10909906,2003,4,325000.0
356,2003-11-11 00:00:00+00:00,-33.79138246,151.12058929,2003,4,635000.0
357,2003-11-23 00:00:00+00:00,-33.67779454,150.92607424,2003,4,498000.0
358,2003-11-26 00:00:00+00:00,-33.81162853,151.09791716,2003,4,335000.0
359,2003-11-26 00:00:00+00:00,-31.09195156,150.88212923,2003,4,37500.0
360,2003-12-13 00:00:00+00:00,-33.9426292,151.10088842,2003,4,564000.0
361,2003-12-20 00:00:00+00:00,-33.44082001,151.35400693,2003,4,300000.0
362,2004-01-09 00:00:00+00:00,-34.74607786,149.70804817,2004,1,275000.0
363,2004-01-30 00:00:00+00:00,-33.27209188,149.064499,2004,1,109000.0
364,2004-01-30 00:00:00+00:00,-35.21945737,146.72546342,2004,1,146000.0
365,2004-02-11 00:00:00+00:00,-35.35201129,149.22414656,2004,1,235000.0
366,2004-03-09 00:00:00+00:00,-32.575034,149.59415642,2004,1,550000.0
367,2004-03-13 00:00:00+00:00,-33.54598856,150.85829338,2004,1,404250.0
368,2004-03-25 00:00:00+00:00,-33.65850015,150.79848268,2004,1,989000.0
369,2004-04-05 00:00:00+00:00,-34.54508242,150.84145805,2004,2,364055.0
370,2004-04-13 00:00:00+00:00,-33.0140759,151.64261039,2004,2,315000.0
371,2004-04-30 00:00:00+00:00,-33.21006645,151.49832383,2004,2,330000.0
372,2004-05-04 00:00:00+00:00,-36.03428673,146.95080824,2004,2,164000.0
373,2004-05-04 00:00:00+00:00,-33.65633248,151.31916254,2004,2,1475000.0
374,2004-05-07 00:00:00+00:00,-28.19912371,153.5340544,2004,2,270000.0
375,2004-05-13 00:00:00+00:00,-31.12798278,150.9409338,2004,2,338800.0
376,2004-05-21 00:00:00+00:00,-28.27702474,153.46166829,2004,2,367000.0
377,2004-05-31 00:00:00+00:00,-33.78332352,151.28472337,2004,2,515000.0
378,2004-06-24 00:00:00+00:00,-33.8817763,151.14409586,2004,2,780000.0
379,2004-06-29 00:00:00+00:00,-33.80153498,151.03916226,2004,2,435000.0
380,2004-07-12 00:00:00+00:00,-33.77087039,150.68402073,2004,3,341000.0
381,2004-07-16 00:00:00+00:00,-33.68129827,150.91889628,2004,3,415000.0
382,2004-07-24 00:00:00+00:00,-33.85476666,151.14443663,2004,3,789375.0
383,2004-07-28 00:00:00+00:00,-33.79421828,150.89802798,2004,3,245000.0
384,2004-07-30 00:00:00+00:00,-33.90431464,151.14045519,2004,3,395000.0
385,2004-08-06 00:00:00+00:00,-33.70811778,150.92196266,2004,3,295000.0
386,2004-08-18 00:00:00+00:00,-33.08086501,151.63223237,2004,3,305000.0
387,2004-08-27 00:00:00+00:00,-33.86679952,151.09595329,2004,3,265000.0
388,2004-09-01 00:00:00+00:00,-35.98648234,146.63389838,2004,3,165000.0
389,2004-09-03 00:00:00+00:00,-33.87683546,151.20671804,2004,3,1235000.0
390,2004-09-16 00:00:00+00:00,-30.29141659,153.13526754,2004,3,225000.0
391,2004-09-17 00:00:00+00:00,-30.28620711,153.10742346,2004,3,267000.0
392,2004-09-28 00:00:00+00:00,-34.03199017,151.00851738,2004,3,693000.0
393,2004-09-28 00:00:00+00:00,-34.04187749,151.03289818,2004,3,531000.0
394,2004-10-27 00:00:00+00:00,-33.9131629,151.26343574,2004,4,517500.0
395,2004-11-18 00:00:00+00:00,-31.06218977,152.83496413,2004,4,195000.0
396,2004-11-26 00:00:00+00:00,-29.0519967,152.02490404,2004,4,135000.0
397,2004-12-01 00:00:00+00:00,-34.86034215,150.5745003,2004,4,235000.0
398,2004-12-09 00:00:00+00:00,-33.79650101,150.68220395,2004,4,460000.0
399,2004-12-13 00:00:00+00:00,-34.01483613,150.6786153,2004,4,398000.0
400,2005-01-14 00:00:00+00:00,-33.63219299,151.14299592,2005,1,495000.0
401,2005-01-20 00:00:00+00:00,-33.75374663,151.03563115,2005,1,850000.0
402,2005-01-29 00:00:00+00:00,-33.79909033,151.00478636,2005,1,285000.0
403,2005-02-03 00:00:00+00:00,-34.33874185,150.91545768,2005,1,465000.0
404,2005-02-17 00:00:00+00:00,-32.04221502,152.53909521,2005,1,200000.0
405,2005-03-04 00:00:00+00:00,-36.00202187,146.38555351,2005,1,35000.0
406,2005-03-09 00:00:00+00:00,-32.90441478,151.74029254,2005,1,190000.0
407,2005-03-24 00:00:00+00:00,-33.73110541,150.89704494,2005,1,393950.0
408,2005-05-26 00:00:00+00:00,-33.60050229,150.76072929,2005,2,328000.0
409,2005-05-31 00:00:00+00:00,-33.72794283,150.91885466,2005,2,575000.0
410,2005-06-14 00:00:00+00:00,-30.50990119,151.66553589,2005,2,270000.0
411,2005-07-18 00:00:00+00:00,-33.8118924,151.17654035,2005,3,152000.0
412,2005-07-25 00:00:00+00:00,-33.77868696,151.04847564,2005,3,433000.0
413,2005-08-21 00:00:00+00:00,-34.01382251,151.06397162,2005,3,375000.0
414,2005-08-24 00:00:00+00:00,-33.83878432,148.6882355,2005,3,105000.0
415,2005-08-25 00:00:00+00:00,-33.51699446,151.32595513,2005,3,475000.0
416,2005-10-01 00:00:00+00:00,-33.78326376,151.08403057,2005,4,270000.0
417,2005-10-20 00:00:00+00:00,-34.06379572,150.82375375,2005,4,308000.0
418,2005-10-26 00:00:00+00:00,-33.67929961,151.11625817,2005,4,512000.0
419,2005-11-07 00:00:00+00:00,-33.85091665,151.15774772,2005,4,485000.0
420,2005-11-08 00:00:00+00:00,-35.16069712,147.36041003,2005,4,259500.0
421,2005-11-18 00:00:00+00:00,-35.40542992,149.19257143,2005,4,493000.0
422,2005-12-01 00:00:00+00:00,-34.00087926,151.0636638,2005,4,485000.0
423,2005-12-08 00:00:00+00:00,-33.88579487,151.17493578,2005,4,142500.0
424,2005-12-13 00:00:00+00:00,-33.84583449,150.97329689,2005,4,445000.0
425,2005-12-22 00:00:00+00:00,-30.07000253,153.19684371,2005,4,415000.0
426,2006-02-11 00:00:00+00:00,-34.2824299,146.05386714,2006,1,275000.0
427,2006-02-16 00:00:00+00:00,-32.9676012,151.65549365,2006,1,489000.0
428,2006-04-07 00:00:00+00:00,-33.12279195,148.18171707,2006,2,32500.0
429,2006-04-10 00:00:00+00:00,-30.50817926,151.66069696,2006,2,135000.0
430,2006-05-12 00:00:00+00:00,-33.76467286,150.6162829,2006,2,360000.0
431,2006-05-30 00:00:00+00:00,-33.88874531,151.27459952,2006,2,538000.0
432,2006-06-06 00:00:00+00:00,-33.75128569,150.82981703,2006,2,347500.0
433,2006-06-06 00:00:00+00:00,-33.78224967,150.8157001,2006,2,16644000.0
434,2006-06-21 00:00:00+00:00,-32.93117508,151.58302511,2006,2,222000.0
435,2006-06-23 00:00:00+00:00,-33.95491195,151.05828963,2006,2,588000.0
436,2006-07-20 00:00:00+00:00,-33.82633677,151.11824631,2006,3,505000.0
437,2006-07-27 00:00:00+00:00,-33.907345,151.10219199,2006,3,378000.0
438,2006-07-31 00:00:00+00:00,-34.15505044,150.52424268,2006,3,752000.0
439,2006-08-11 00:00:00+00:00,-33.71409926,150.99586698,2006,3,590000.0
440,2006-09-08 00:00:00+00:00,-33.25559395,151.5102847,2006,3,168000.0
441,2006-09-21 00:00:00+00:00,-34.03639522,151.02941408,2006,3,727500.0
442,2006-09-27 00:00:00+00:00,-34.26639901,150.96305917,2006,3,343000.0
443,2006-10-24 00:00:00+00:00,-30.32799379,149.78891887,2006,4,230000.0
444,2006-11-09 00:00:00+00:00,-33.69547862,151.29066734,2006,4,300000.0
445,2006-11-16 00:00:00+00:00,-33.92553207,151.23398634,2006,4,275000.0
446,2006-11-22 00:00:00+00:00,-33.91478852,151.20905994,2006,4,360000.0
447,2006-11-24 00:00:00+00:00,-33.74122142,151.00541484,2006,4,528000.0
448,2006-12-01 00:00:00+00:00,-33.92946543,150.94889532,2006,4,390000.0
449,2006-12-11 00:00:00+00:00,-33.88674787,150.91376018,2006,4,116500.0
450,2006-12-12 00:00:00+00:00,-33.75813907,150.70471308,2006,4,245000.0
451,2006-12-15 00:00:00+00:00,-33.82094301,151.21820516,2006,4,437000.0
452,2006-12-19 00:00:00+00:00,-32.30459024,150.88191152,2006,4,240000.0
453,2007-01-08 00:00:00+00:00,-30.59144269,153.00495264,2007,1,415000.0
454,2007-02-02 00:00:00+00:00,-33.78830193,150.92007254,2007,1,345000.0
455,2007-02-02 00:00:00+00:00,-34.03117407,151.10915981,2007,1,365000.0
456,2007-02-09 00:00:00+00:00,-29.53583826,150.5806513,2007,1,245000.0
457,2007-02-20 00:00:00+00:00,-33.88510738,151.27966498,2007,1,892000.0
458,2007-03-05 00:00:00+00:00,-33.83746436,151.20841405,2007,1,310000.0
459,2007-03-10 00:00:00+00:00,-33.84165545,151.1372057,2007,1,4150000.0
460,2007-03-23 00:00:00+00:00,-34.83098521,150.60541363,2007,1,155500.0
461,2007-03-26 00:00:00+00:00,-33.93857686,151.02109461,2007,1,390000.0
462,2007-04-02 00:00:00+00:00,-33.86898845,151.27503399,2007,2,1061750.0
463,2007-04-11 00:00:00+00:00,-35.34764713,149.21425601,2007,2,436000.0
464,2007-05-09 00:00:00+00:00,-33.43084161,151.36111741,2007,2,362500.0
465,2007-05-15 00:00:00+00:00,-33.92100118,151.25329994,2007,2,395000.0
466,2007-05-25 00:00:00+00:00,-33.8344172,151.05756473,2007,2,9000000.0
467,2007-06-05 00:00:00+00:00,-32.91666747,151.60126254,2007,2,169000.0
468,2007-06-18 00:00:00+00:00,-33.74594193,150.46746874,2007,2,480000.0
469,2007-06-20 00:00:00+00:00,-33.86622925,151.2212395,2007,2,660000.0
470,2007-06-20 00:00:00+00:00,-32.27444027,148.62272843,2007,2,118000.0
471,2007-07-06 00:00:00+00:00,-28.82317178,153.34075287,2007,3,160000.0
472,2007-07-23 00:00:00+00:00,-33.88488776,151.18146691,2007,3,470000.0
473,2007-08-07 00:00:00+00:00,-33.277651,149.11395939,2007,3,225000.0
474,2007-08-07 00:00:00+00:00,-33.74133451,150.80167179,2007,3,206000.0
475,2007-08-22 00:00:00+00:00,-33.73596121,150.81514933,2007,3,185000.0
476,2007-09-06 00:00:00+00:00,-32.7385895,151.60153204,2007,3,145000.0
477,2007-09-07 00:00:00+00:00,-33.83506556,151.21951265,2007,3,1055000.0
478,2007-10-15 00:00:00+00:00,-33.4636423,151.40655996,2007,4,244755.0
479,2007-10-16 00:00:00+00:00,-28.86666649,153.56221223,2007,4,243000.0
480,2007-10-18 00:00:00+00:00,-33.87843315,151.21369881,2007,4,356500.0
481,2007-11-26 00:00:00+00:00,-33.88746001,151.09851981,2007,4,2200000.0
482,2007-11-30 00:00:00+00:00,-34.03196748,150.74276677,2007,4,230000.0
483,2007-11-30 00:00:00+00:00,-35.99536906,146.37896246,2007,4,217000.0
484,2007-12-03 00:00:00+00:00,-33.95623377,151.05079726,2007,4,505000.0
485,2007-12-16 00:00:00+00:00,-33.73240946,150.95407066,2007,4,135000.0
486,2007-12-20 00:00:00+00:00,-32.94419498,151.69237845,2007,4,350000.0
487,2008-01-24 00:00:00+00:00,-32.98118138,151.6754584,2008,1,315000.0
488,2008-02-01 00:00:00+00:00,-33.88922248,151.11781602,2008,1,359000.0
489,2008-02-12 00:00:00+00:00,-31.44779205,152.92292719,2008,1,329500.0
490,2008-02-20 00:00:00+00:00,-35.16224751,147.35479393,2008,1,165000.0
491,2008-03-01 00:00:00+00:00,-33.78702138,151.24830045,2008,1,880000.0
492,2008-05-09 00:00:00+00:00,-33.8346364,151.05535349,2008,2,360000.0
493,2008-05-09 00:00:00+00:00,-33.09919422,151.47393318,2008,2,315000.0
494,2008-05-10 00:00:00+00:00,-33.96966897,151.10782274,2008,2,190000.0
495,2008-05-16 00:00:00+00:00,-33.94318777,151.22982361,2008,2,630000.0
496,2008-05-16 00:00:00+00:00,-31.0658185,150.91007116,2008,2,117500.0
497,2008-06-03 00:00:00+00:00,-33.84063093,151.00939802,2008,2,224500.0
498,2008-06-24 00:00:00+00:00,-33.83038189,151.08557195,2008,2,820000.0
499,2008-07-08 00:00:00+00:00,-36.67597197,149.83874578,2008,3,211250.0
500,2008-07-28 00:00:00+00:00,-33.92872267,150.92171872,2008,3,160000.0
501,2008-08-19 00:00:00+00:00,-28.86514501,153.59048906,2008,3,418000.0
502,2008-08-30 00:00:00+00:00,-34.03271296,151.08396225,2008,3,635000.0
503,2008-09-17 00:00:00+00:00,-33.91144288,151.26718023,2008,3,28000.0
504,2008-10-29 00:00:00+00:00,-33.77638031,151.02130523,2008,4,520000.0
505,2008-11-07 00:00:00+00:00,-33.96474,151.10021293,2008,4,360000.0
506,2008-11-18 00:00:00+00:00,-31.44641611,152.92744717,2008,4,287000.0
507,2008-11-24 00:00:00+00:00,-33.79697873,151.24851513,2008,4,1050000.0
508,2008-11-27 00:00:00+00:00,-33.91405944,150.96393687,2008,4,565000.0
509,2008-12-03 00:00:00+00:00,-35.02863182,149.26892144,2008,4,205000.0
510,2009-01-24 00:00:00+00:00,-33.98632005,151.10031158,2009,1,775000.0
511,2009-01-29 00:00:00+00:00,-33.73223982,150.91965633,2009,1,387000.0
512,2009-02-05 00:00:00+00:00,-33.96277474,151.05086413,2009,1,490000.0
513,2009-02-10 00:00:00+00:00,-35.34124847,149.24570695,2009,1,1430000.0
514,2009-02-16 00:00:00+00:00,-32.89931302,151.71653861,2009,1,190000.0
515,2009-03-19 00:00:00+00:00,-33.51630903,151.32019528,2009,1,255000.0
516,2009-03-28 00:00:00+00:00,-33.95833032,151.11053131,2009,1,525500.0
517,2009-04-24 00:00:00+00:00,-33.79893889,151.00077159,2009,2,272000.0
518,2009-04-28 00:00:00+00:00,-33.89276308,151.1371343,2009,2,1000000.0
519,2009-05-14 00:00:00+00:00,-28.27523141,153.45034349,2009,2,325000.0
520,2009-05-20 00:00:00+00:00,-33.92710352,151.25905181,2009,2,950000.0
521,2009-06-22 00:00:00+00:00,-28.81659055,153.34218959,2009,2,340000.0
522,2009-07-21 00:00:00+00:00,-32.77657734,151.60981713,2009,3,243000.0
523,2009-08-08 00:00:00+00:00,-34.02981093,151.06433946,2009,3,330000.0
524,2009-08-14 00:00:00+00:00,-33.89045886,150.84521051,2009,3,35000.0
525,2009-08-22 00:00:00+00:00,-33.89425216,151.17449367,2009,3,1150000.0
526,2009-09-02 00:00:00+00:00,-34.01957398,151.04410384,2009,3,475000.0
527,2009-09-16 00:00:00+00:00,-35.36942299,150.44038997,2009,3,319000.0
528,2009-09-16 00:00:00+00:00,-33.88531619,150.97485674,2009,3,310000.0
529,2009-09-23 00:00:00+00:00,-29.77505019,151.09939521,2009,3,223000.0
530,2009-10-01 00:00:00+00:00,-33.93734376,150.9551694,2009,4,330000.0
531,2009-10-06 00:00:00+00:00,-33.75382485,151.15062093,2009,4,642000.0
532,2009-11-04 00:00:00+00:00,-33.87804826,151.20602572,2009,4,383000.0
533,2009-11-13 00:00:00+00:00,-33.86937733,151.12477218,2009,4,475000.0
534,2009-11-13 00:00:00+00:00,-33.94025791,151.23635004,2009,4,590000.0
535,2009-11-17 00:00:00+00:00,-31.9873815,141.45701194,2009,4,152000.0
536,2009-11-27 00:00:00+00:00,-35.74670293,150.2043593,2009,4,345000.0
537,2009-12-14 00:00:00+00:00,-32.24172445,148.63708943,2009,4,140000.0
538,2009-12-15 00:00:00+00:00,-33.86946737,151.2258377,2009,4,412000.0
539,2009-12-15 00:00:00+00:00,-28.22319422,153.47098335,2009,4,430000.0
540,2010-01-16 00:00:00+00:00,-33.9697957,151.12268453,2010,1,342000.0
541,2010-01-22 00:00:00+00:00,-32.54758261,148.95264391,2010,1,115000.0
542,2010-01-27 00:00:00+00:00,-33.87849864,151.21208808,2010,1,826320.0
543,2010-02-19 00:00:00+00:00,-33.86377763,151.27939927,2010,1,1850000.0
544,2010-03-08 00:00:00+00:00,-33.31244562,151.41139385,2010,1,300000.0
545,2010-03-11 00:00:00+00:00,-33.7219982,151.10514989,2010,1,856000.0
546,2010-03-13 00:00:00+00:00,-33.90635699,151.08034067,2010,1,645000.0
547,2010-03-16 00:00:00+00:00,-33.73999109,151.1242309,2010,1,991000.0
548,2010-03-19 00:00:00+00:00,-33.91853316,151.22401789,2010,1,649000.0
549,2010-04-14 00:00:00+00:00,-33.72484551,151.1613052,2010,2,600000.0
550,2010-04-14 00:00:00+00:00,-33.88464411,151.13143887,2010,2,451500.0
551,2010-04-21 00:00:00+00:00,-33.89514553,150.93961874,2010,2,460000.0
552,2010-04-30 00:00:00+00:00,-33.62563743,151.02074527,2010,2,1900000.0
553,2010-05-20 00:00:00+00:00,-33.73331694,151.00810955,2010,2,510000.0
554,2010-05-24 00:00:00+00:00,-32.05420482,152.50733661,2010,2,3214047.0
555,2010-06-09 00:00:00+00:00,-33.80973937,151.17737745,2010,2,380000.0
556,2010-06-27 00:00:00+00:00,-33.74646815,151.215374,2010,2,847000.0
557,2010-07-09 00:00:00+00:00,-34.43124823,150.87874409,2010,3,1200000.0
558,2010-07-19 00:00:00+00:00,-32.24171231,148.64206588,2010,3,245000.0
559,2010-07-23 00:00:00+00:00,-33.88905855,151.26119318,2010,3,682605.0
560,2010-08-09 00:00:00+00:00,-33.88935697,151.19570651,2010,3,681000.0
561,2010-08-09 00:00:00+00:00,-33.96864462,151.1027786,2010,3,315000.0
562,2010-08-19 00:00:00+00:00,-33.4253389,151.42749061,2010,3,757800.0
563,2010-08-20 00:00:00+00:00,-33.88467989,151.20110736,2010,3,655000.0
564,2010-08-25 00:00:00+00:00,-33.89646781,150.88341108,2010,3,350000.0
565,2010-09-15 00:00:00+00:00,-34.84666925,150.74542333,2010,3,490000.0
566,2010-09-18 00:00:00+00:00,-33.74296545,151.09975481,2010,3,1120000.0
567,2010-09-27 00:00:00+00:00,-33.70940107,150.98193745,2010,3,620000.0
568,2010-10-06 00:00:00+00:00,-36.73325189,149.98519274,2010,4,80000.0
569,2010-11-03 00:00:00+00:00,-34.58757877,150.59081375,2010,4,550000.0
570,2010-12-07 00:00:00+00:00,-33.79630824,150.89788128,2010,4,285000.0
571,2010-12-18 00:00:00+00:00,-33.79848903,150.80838293,2010,4,342500.0
572,2010-12-23 00:00:00+00:00,-33.66262705,151.29973691,2010,4,2000000.0
573,2011-02-05 00:00:00+00:00,-33.78356393,151.0959505,2011,1,755000.0
574,2011-03-16 00:00:00+00:00,-33.27252465,151.46668564,2011,1,165000.0
575,2011-03-24 00:00:00+00:00,-33.81203136,151.08109481,2011,1,752500.0
576,2011-04-06 00:00:00+00:00,-28.78525267,153.06362548,2011,2,345000.0
577,2011-04-08 00:00:00+00:00,-33.91166524,151.24875328,2011,2,790000.0
578,2011-04-12 00:00:00+00:00,-34.04372744,151.12387441,2011,2,695000.0
579,2011-04-12 00:00:00+00:00,-30.23009116,153.15200404,2011,2,460000.0
580,2011-04-29 00:00:00+00:00,-30.92519497,152.66427356,2011,2,207500.0
581,2011-05-18 00:00:00+00:00,-33.8807469,151.24476797,2011,2,2315000.0
582,2011-05-24 00:00:00+00:00,-34.47160391,150.84496611,2011,2,226000.0
583,2011-05-25 00:00:00+00:00,-33.8982762,151.21225664,2011,2,585000.0
584,2011-06-10 00:00:00+00:00,-33.71391843,151.03055162,2011,2,760000.0
585,2011-06-27 00:00:00+00:00,-33.71303339,151.30068555,2011,2,2350000.0
586,2011-06-29 00:00:00+00:00,-33.78171093,150.9645681,2011,2,534000.0
587,2011-07-15 00:00:00+00:00,-32.87853536,151.63396328,2011,3,395000.0
588,2011-07-21 00:00:00+00:00,-31.669286,149.13912982,2011,3,505.0
589,2011-07-29 00:00:00+00:00,-33.68597124,150.60674471,2011,3,349000.0
590,2011-08-26 00:00:00+00:00,-33.51114226,151.34032396,2011,3,290000.0
591,2011-08-26 00:00:00+00:00,-32.92752099,151.78493875,2011,3,3600.0
592,2011-08-31 00:00:00+00:00,-33.74640848,150.7246434,2011,3,335000.0
593,2011-08-31 00:00:00+00:00,-33.31045385,151.4090165,2011,3,278000.0
594,2011-09-14 00:00:00+00:00,-33.26345295,149.09401791,2011,3,233000.0
595,2011-09-14 00:00:00+00:00,-32.73257715,151.53881449,2011,3,272000.0
596,2011-10-04 00:00:00+00:00,-35.34294414,149.242809,2011,4,385000.0
597,2011-10-24 00:00:00+00:00,-33.78193242,150.78098428,2011,4,355000.0
598,2011-10-25 00:00:00+00:00,-33.7115159,150.71724026,2011,4,216500.0
599,2011-11-04 00:00:00+00:00,-33.88018,151.23743646,2011,4,1800000.0
600,2011-11-11 00:00:00+00:00,-33.89772872,151.2135843,2011,4,404000.0
601,2011-11-18 00:00:00+00:00,-33.89941086,151.26040735,2011,4,2200000.0
602,2011-11-19 00:00:00+00:00,-33.97495545,151.25352631,2011,4,1100000.0
603,2011-11-25 00:00:00+00:00,-35.52029757,147.03714871,2011,4,100000.0
604,2011-11-26 00:00:00+00:00,-33.82938166,150.96674718,2011,4,460000.0
605,2011-12-22 00:00:00+00:00,-33.6972652,150.98550918,2011,4,520000.0
606,2012-02-08 00:00:00+00:00,-33.92788363,151.09089309,2012,1,525000.0
607,2012-02-15 00:00:00+00:00,-30.22741555,149.44309719,2012,1,115000.0
608,2012-02-17 00:00:00+00:00,-33.64457099,150.91407641,2012,1,1175000.0
609,2012-02-27 00:00:00+00:00,-32.9574058,151.70244248,2012,1,365000.0
610,2012-03-16 00:00:00+00:00,-33.90715957,151.26605023,2012,1,1250000.0
611,2012-03-26 00:00:00+00:00,-33.90425787,151.20806398,2012,1,499000.0
612,2012-03-30 00:00:00+00:00,-34.26079902,150.5262954,2012,1,632500.0
613,2012-04-13 00:00:00+00:00,-33.4073183,149.55590724,2012,2,268000.0
614,2012-05-14 00:00:00+00:00,-33.88106081,151.21342577,2012,2,1460000.0
615,2012-05-23 00:00:00+00:00,-33.84834837,151.07365143,2012,2,550000.0
616,2012-06-04 00:00:00+00:00,-32.24158581,148.64722023,2012,2,290000.0
617,2012-06-04 00:00:00+00:00,-33.92489848,151.18828773,2012,2,600000.0
618,2012-06-05 00:00:00+00:00,-34.31159197,148.30958079,2012,2,232500.0
619,2012-06-14 00:00:00+00:00,-33.77906027,151.114124,2012,2,675000.0
620,2012-06-20 00:00:00+00:00,-33.71419235,151.297387,2012,2,570000.0
621,2012-06-29 00:00:00+00:00,-33.88262269,151.21606854,2012,2,440000.0
622,2012-07-27 00:00:00+00:00,-33.76307222,150.78878269,2012,3,175000.0
623,2012-07-30 00:00:00+00:00,-33.75808065,151.17173075,2012,3,1570000.0
624,2012-07-30 00:00:00+00:00,-33.67865292,150.86852821,2012,3,217500.0
625,2012-08-09 00:00:00+00:00,-32.92827618,151.78275399,2012,3,5600000.0
626,2012-08-20 00:00:00+00:00,-34.48552235,150.86084152,2012,3,145000.0
627,2012-09-05 00:00:00+00:00,-33.85360076,150.97928826,2012,3,282900.0
628,2012-09-29 00:00:00+00:00,-33.95421405,151.13852113,2012,3,472000.0
629,2012-10-08 00:00:00+00:00,-33.91430811,150.91734095,2012,4,550000.0
630,2012-10-16 00:00:00+00:00,-33.88285706,151.20344826,2012,4,7055000.0
631,2012-10-19 00:00:00+00:00,-31.9703888,152.58337274,2012,4,100000.0
632,2012-11-23 00:00:00+00:00,-34.38554044,150.91303495,2012,4,315000.0
633,2012-11-30 00:00:00+00:00,-33.54889817,150.69017216,2012,4,735000.0
634,2012-12-10 00:00:00+00:00,-32.33662747,148.76508522,2012,4,65000.0
635,2013-02-16 00:00:00+00:00,-33.91102359,151.18040364,2013,1,378000.0
636,2013-02-27 00:00:00+00:00,-33.90994103,151.14885245,2013,1,875000.0
637,2013-03-05 00:00:00+00:00,-33.78829277,150.68835898,2013,1,468000.0
638,2013-03-18 00:00:00+00:00,-33.74774779,151.10988363,2013,1,1070000.0
639,2013-04-03 00:00:00+00:00,-33.89676133,151.25114331,2013,2,592000.0
640,2013-04-18 00:00:00+00:00,-34.02927684,150.61846941,2013,2,1100000.0
641,2013-05-15 00:00:00+00:00,-33.25460605,151.49110974,2013,2,132500.0
642,2013-05-16 00:00:00+00:00,-32.54536439,148.95201439,2013,2,368000.0
643,2013-05-17 00:00:00+00:00,-35.69675815,150.19167982,2013,2,78000.0
644,2013-05-18 00:00:00+00:00,-33.93317176,150.83909721,2013,2,579950.0
645,2013-05-25 00:00:00+00:00,-33.8017154,151.18932312,2013,2,1055000.0
646,2013-05-25 00:00:00+00:00,-33.96361813,151.13435555,2013,2,271000.0
647,2013-05-30 00:00:00+00:00,-33.79272956,151.07847611,2013,2,27370000.0
648,2013-06-07 00:00:00+00:00,-33.91951905,151.22261901,2013,2,1941500.0
649,2013-06-07 00:00:00+00:00,-34.04419813,150.75557547,2013,2,385000.0
650,2013-06-27 00:00:00+00:00,-33.70485671,150.89789195,2013,2,688000.0
651,2013-07-02 00:00:00+00:00,-33.52668621,151.3611247,2013,3,1375000.0
652,2013-07-03 00:00:00+00:00,-31.98609491,141.45395327,2013,3,63000.0
653,2013-07-17 00:00:00+00:00,-28.30475355,153.52349381,2013,3,850000.0
654,2013-07-24 00:00:00+00:00,-28.66122999,153.61833528,2013,3,425000.0
655,2013-07-28 00:00:00+00:00,-33.96070929,151.01442403,2013,3,635000.0
656,2013-07-31 00:00:00+00:00,-33.79319936,151.26471997,2013,3,1700000.0
657,2013-08-02 00:00:00+00:00,-33.83420286,151.12551062,2013,3,1500000.0
658,2013-08-15 00:00:00+00:00,-33.91208828,151.03273544,2013,3,345000.0
659,2013-08-25 00:00:00+00:00,-33.67908296,151.11084912,2013,3,690000.0
660,2013-09-07 00:00:00+00:00,-33.79717921,151.09878327,2013,3,920000.0
661,2013-09-09 00:00:00+00:00,-35.08872187,150.64791033,2013,3,255000.0
662,2013-09-16 00:00:00+00:00,-29.45812983,149.84457078,2013,3,55000.0
663,2013-09-24 00:00:00+00:00,-34.54483534,150.86396395,2013,3,305000.0
664,2013-10-05 00:00:00+00:00,-33.8051637,151.03553568,2013,4,425000.0
665,2013-10-15 00:00:00+00:00,-36.04887013,146.94781393,2013,4,203000.0
666,2013-10-24 00:00:00+00:00,-33.72834055,151.09984811,2013,4,751000.0
667,2013-11-04 00:00:00+00:00,-34.03692056,151.13136467,2013,4,1040000.0
668,2013-11-15 00:00:00+00:00,-33.51071654,151.31921231,2013,4,390000.0
669,2013-11-23 00:00:00+00:00,-33.90431464,151.14045519,2013,4,535000.0
670,2013-11-28 00:00:00+00:00,-33.86840204,150.93513639,2013,4,470000.0
671,2013-12-01 00:00:00+00:00,-33.76139081,151.06002278,2013,4,1080000.0
672,2013-12-11 00:00:00+00:00,-33.90488685,151.1824848,2013,4,1300000.0
673,2014-01-31 00:00:00+00:00,-33.75847001,151.27685996,2014,1,335000.0
674,2014-02-22 00:00:00+00:00,-33.83344264,151.12846348,2014,1,878000.0
675,2014-03-06 00:00:00+00:00,-33.89180784,151.24620506,2014,1,6100000.0
676,2014-03-11 00:00:00+00:00,-33.7979439,150.78429935,2014,1,530000.0
677,2014-03-12 00:00:00+00:00,-33.81222729,151.07453107,2014,1,935000.0
678,2014-04-23 00:00:00+00:00,-33.96567674,151.10321825,2014,2,492000.0
679,2014-04-29 00:00:00+00:00,-33.89570339,151.22877383,2014,2,1210000.0
680,2014-05-02 00:00:00+00:00,-34.41519769,150.87446534,2014,2,340000.0
681,2014-05-02 00:00:00+00:00,-33.90435644,151.25656934,2014,2,767000.0
682,2014-05-13 00:00:00+00:00,-33.87571209,150.99963279,2014,2,495000.0
683,2014-05-16 00:00:00+00:00,-33.80381102,151.03386542,2014,2,450000.0
684,2014-05-24 00:00:00+00:00,-33.77896174,150.88816881,2014,2,555000.0
685,2014-05-30 00:00:00+00:00,-32.05657857,148.01397417,2014,2,900000.0
686,2014-06-14 00:00:00+00:00,-33.91095942,151.07900727,2014,2,996000.0
687,2014-06-25 00:00:00+00:00,-30.8968169,153.0416748,2014,2,272000.0
688,2014-06-30 00:00:00+00:00,-33.73880741,150.79291812,2014,2,370000.0
689,2014-07-25 00:00:00+00:00,-34.89493367,150.6300456,2014,3,420000.0
690,2014-08-04 00:00:00+00:00,-33.01317196,151.63302832,2014,3,500000.0
691,2014-08-08 00:00:00+00:00,-33.90739031,150.6100612,2014,3,570000.0
692,2014-08-22 00:00:00+00:00,-32.77043843,151.63340457,2014,3,336000.0
693,2014-08-26 00:00:00+00:00,-33.70781327,151.10517529,2014,3,680000.0
694,2014-09-09 00:00:00+00:00,-33.69413327,151.02297072,2014,3,750000.0
695,2014-09-20 00:00:00+00:00,-33.94981303,151.09903648,2014,3,720000.0
696,2014-09-30 00:00:00+00:00,-33.41778321,151.34709836,2014,3,167500.0
697,2014-10-25 00:00:00+00:00,-33.09617812,151.62968491,2014,4,515000.0
698,2014-11-03 00:00:00+00:00,-34.49938771,150.82692403,2014,4,48000.0
699,2014-11-25 00:00:00+00:00,-32.59969107,149.5935395,2014,4,340000.0
700,2014-12-13 00:00:00+00:00,-33.96977279,151.12037234,2014,4,640000.0
701,2015-01-15 00:00:00+00:00,-33.90967373,150.86359375,2015,1,565000.0
702,2015-01-29 00:00:00+00:00,-33.84365993,151.1093689,2015,1,1350000.0
703,2015-02-10 00:00:00+00:00,-33.89896868,151.18280913,2015,1,925000.0
704,2015-02-14 00:00:00+00:00,-33.85599519,151.17798178,2015,1,1385000.0
705,2015-02-17 00:00:00+00:00,-32.89666229,151.74465961,2015,1,400000.0
706,2015-02-24 00:00:00+00:00,-33.96411994,151.0168246,2015,1,658000.0
707,2015-03-06 00:00:00+00:00,-34.06684137,151.15279258,2015,1,1620000.0
708,2015-03-07 00:00:00+00:00,-33.74774779,151.10988363,2015,1,1357000.0
709,2015-03-18 00:00:00+00:00,-33.93459428,150.85713121,2015,1,445500.0
710,2015-03-19 00:00:00+00:00,-33.92599493,151.2493929,2015,1,640000.0
711,2015-03-26 00:00:00+00:00,-30.53705509,151.65229805,2015,1,759000.0
712,2015-04-11 00:00:00+00:00,-28.68886548,153.60267896,2015,2,760000.0
713,2015-04-18 00:00:00+00:00,-33.77939821,151.29035154,2015,2,2377000.0
714,2015-04-19 00:00:00+00:00,-33.90519809,151.2040634,2015,2,1275000.0
715,2015-04-23 00:00:00+00:00,-31.86618851,152.34124755,2015,2,670000.0
716,2015-04-24 00:00:00+00:00,-33.96377491,151.1010016,2015,2,768000.0
717,2015-04-25 00:00:00+00:00,-33.82794485,151.0851464,2015,2,950000.0
718,2015-04-29 00:00:00+00:00,-34.435076,150.87171151,2015,2,670000.0
719,2015-05-04 00:00:00+00:00,-33.76530787,150.79047585,2015,2,470000.0
720,2015-05-07 00:00:00+00:00,-30.3537256,153.09353577,2015,2,187000.0
721,2015-07-13 00:00:00+00:00,-33.64976338,150.30291061,2015,3,540000.0
722,2015-08-06 00:00:00+00:00,-35.34390139,150.46343943,2015,3,155000.0
723,2015-08-08 00:00:00+00:00,-33.87433827,151.02739215,2015,3,1435000.0
724,2015-08-17 00:00:00+00:00,-35.23937536,149.26655352,2015,3,700000.0
725,2015-08-27 00:00:00+00:00,-33.76116532,151.15594384,2015,3,645000.0
726,2015-09-11 00:00:00+00:00,-31.73295956,148.64498507,2015,3,410000.0
727,2015-09-17 00:00:00+00:00,-33.25969827,151.49413559,2015,3,476500.0
728,2015-09-30 00:00:00+00:00,-28.18736144,153.51615051,2015,3,190000.0
729,2015-10-09 00:00:00+00:00,-35.16167101,147.34699603,2015,4,420000.0
730,2015-10-09 00:00:00+00:00,-33.86569391,151.0365922,2015,4,605000.0
731,2015-10-17 00:00:00+00:00,-33.89632127,150.9991188,2015,4,641500.0
732,2015-10-20 00:00:00+00:00,-32.25899016,150.88644471,2015,4,250000.0
733,2015-10-21 00:00:00+00:00,-33.43909592,151.32417095,2015,4,640000.0
734,2015-10-27 00:00:00+00:00,-35.74536764,150.20514449,2015,4,430000.0
735,2015-10-27 00:00:00+00:00,-28.27659788,153.57656158,2015,4,185000.0
736,2015-11-05 00:00:00+00:00,-28.82690384,153.29529065,2015,4,169071.0
737,2015-11-07 00:00:00+00:00,-33.97020091,151.1173598,2015,4,749000.0
738,2015-11-17 00:00:00+00:00,-33.86526497,151.19671583,2015,4,3500000.0
739,2015-11-27 00:00:00+00:00,-35.42121754,149.23723715,2015,4,274000.0
740,2015-12-02 00:00:00+00:00,-33.26323193,151.48802451,2015,4,370000.0
741,2015-12-03 00:00:00+00:00,-34.02915931,150.78580851,2015,4,433000.0
742,2015-12-09 00:00:00+00:00,-28.78403918,153.34626119,2015,4,600000.0
743,2016-02-29 00:00:00+00:00,-33.6886169,151.10601981,2016,1,785000.0
744,2016-02-29 00:00:00+00:00,-31.42110692,152.88889771,2016,1,740000.0
745,2016-03-02 00:00:00+00:00,-33.89619448,151.11195786,2016,1,378000.0
746,2016-03-12 00:00:00+00:00,-33.77060186,151.2134556,2016,1,1430000.0
747,2016-03-18 00:00:00+00:00,-33.4434391,151.38315633,2016,1,738000.0
748,2016-03-29 00:00:00+00:00,-33.86085457,151.16727373,2016,1,718500.0
749,2016-04-08 00:00:00+00:00,-33.95599986,151.04355241,2016,2,1382500.0
750,2016-04-12 00:00:00+00:00,-33.91551556,151.1038461,2016,2,270000.0
751,2016-04-12 00:00:00+00:00,-33.8940962,151.17750563,2016,2,1688000.0
752,2016-04-27 00:00:00+00:00,-33.96254346,150.98725363,2016,2,1270000.0
753,2016-04-28 00:00:00+00:00,-33.6883822,150.91259344,2016,2,520000.0
754,2016-05-03 00:00:00+00:00,-33.75010984,150.71973571,2016,2,485000.0
755,2016-07-02 00:00:00+00:00,-33.90599024,151.18450419,2016,3,870000.0
756,2016-07-08 00:00:00+00:00,-32.25603098,148.61285914,2016,3,750000.0
757,2016-08-02 00:00:00+00:00,-33.73361521,151.07390135,2016,3,1080000.0
758,2016-08-09 00:00:00+00:00,-33.75271211,150.81396889,2016,3,450000.0
759,2016-09-03 00:00:00+00:00,-33.8524337,151.18462201,2016,3,1108000.0
760,2016-09-06 00:00:00+00:00,-33.26809254,149.11266799,2016,3,360000.0
761,2016-10-14 00:00:00+00:00,-33.81450486,151.10250751,2016,4,560000.0
762,2016-11-03 00:00:00+00:00,-33.53867967,151.24279728,2016,4,886000.0
763,2016-11-08 00:00:00+00:00,-33.648097,150.90549796,2016,4,605000.0
764,2016-11-12 00:00:00+00:00,-33.76256825,150.68421458,2016,4,390000.0
765,2017-01-16 00:00:00+00:00,-33.91266002,151.05155367,2017,1,680000.0
766,2017-02-04 00:00:00+00:00,-33.44379768,151.43945018,2017,1,785000.0
767,2017-02-08 00:00:00+00:00,-32.92820651,151.76290048,2017,1,449500.0
768,2017-03-24 00:00:00+00:00,-33.42138335,151.34267878,2017,1,577500.0
769,2017-04-23 00:00:00+00:00,-33.83320144,150.96766957,2017,2,1095000.0
770,2017-04-24 00:00:00+00:00,-36.1016642,144.77030461,2017,2,159000.0
771,2017-04-27 00:00:00+00:00,-32.85719061,151.31787738,2017,2,290000.0
772,2017-05-09 00:00:00+00:00,-28.25651563,153.57711605,2017,2,135000.0
773,2017-07-07 00:00:00+00:00,-33.84848658,151.03812148,2017,3,545000.0
774,2017-07-28 00:00:00+00:00,-31.48060961,152.92028138,2017,3,658000.0
775,2017-08-01 00:00:00+00:00,-33.8300474,151.07566363,2017,3,550000.0
776,2017-08-07 00:00:00+00:00,-33.75012826,150.99615374,2017,3,830000.0
777,2017-09-01 00:00:00+00:00,-33.72523935,150.4304525,2017,3,546000.0
778,2017-09-06 00:00:00+00:00,-33.35434848,151.43674138,2017,3,575000.0
779,2017-10-03 00:00:00+00:00,-34.03362877,148.56057987,2017,4,400000.0
780,2017-10-07 00:00:00+00:00,-35.53178426,144.96504414,2017,4,181000.0
781,2017-10-11 00:00:00+00:00,-29.77651015,151.1264808,2017,4,218000.0
782,2017-10-12 00:00:00+00:00,-29.6517419,153.06849999,2017,4,220000.0
783,2017-10-12 00:00:00+00:00,-31.90880701,152.44852368,2017,4,100000.0
784,2017-10-16 00:00:00+00:00,-29.68563579,152.93740595,2017,4,515000.0
785,2017-10-17 00:00:00+00:00,-33.43311613,151.35362201,2017,4,665000.0
786,2017-10-17 00:00:00+00:00,-33.8752158,151.27474695,2017,4,851000.0
787,2017-11-25 00:00:00+00:00,-33.87916512,150.94985262,2017,4,905000.0
788,2018-02-09 00:00:00+00:00,-32.98212757,151.6510636,2018,1,300000.0
789,2018-02-20 00:00:00+00:00,-33.86256735,151.20637941,2018,1,4300000.0
790,2018-02-23 00:00:00+00:00,-35.36238601,149.20334325,2018,1,580000.0
791,2018-02-27 00:00:00+00:00,-35.06877167,150.67472747,2018,1,515000.0
792,2018-03-18 00:00:00+00:00,-33.75244467,151.27789467,2018,1,1380000.0
793,2018-03-22 00:00:00+00:00,-32.75992134,151.74561007,2018,1,1485000.0
794,2018-03-27 00:00:00+00:00,-33.48400833,150.13653828,2018,1,425000.0
795,2018-04-13 00:00:00+00:00,-35.91966406,150.07453062,2018,2,355000.0
796,2018-04-23 00:00:00+00:00,-32.95462574,151.65487121,2018,2,650000.0
797,2018-05-03 00:00:00+00:00,-28.32941988,153.37607961,2018,2,365000.0
798,2018-05-22 00:00:00+00:00,-33.96030795,151.05762946,2018,2,625000.0
799,2018-05-29 00:00:00+00:00,-34.02972813,150.77604364,2018,2,350500.0
800,2018-06-12 00:00:00+00:00,-33.91345629,151.11559627,2018,2,1750000.0
801,2018-07-02 00:00:00+00:00,-32.99198223,151.63567575,2018,3,920000.0
802,2018-07-05 00:00:00+00:00,-33.73087403,150.70364743,2018,3,850000.0
803,2018-08-13 00:00:00+00:00,-32.87409262,151.69191355,2018,3,520000.0
804,2018-09-12 00:00:00+00:00,-33.65390772,151.32086137,2018,3,1900000.0
805,2018-09-14 00:00:00+00:00,-32.24956893,148.59311277,2018,3,247500.0
806,2018-09-14 00:00:00+00:00,-33.72383805,150.72759323,2018,3,770000.0
807,2018-10-05 00:00:00+00:00,-33.81619749,151.19615313,2018,4,1650000.0
808,2018-10-09 00:00:00+00:00,-33.17587162,151.48889113,2018,4,166666.0
809,2018-10-19 00:00:00+00:00,-35.78737198,150.22948453,2018,4,500000.0
810,2018-11-13 00:00:00+00:00,-33.80945251,150.80976075,2018,4,650000.0
811,2018-11-15 00:00:00+00:00,-33.7103393,150.92818499,2018,4,905000.0
812,2018-11-30 00:00:00+00:00,-28.34047119,153.3593306,2018,4,585000.0
813,2019-01-24 00:00:00+00:00,-28.78517624,153.42016794,2019,1,941536.0
814,2019-03-12 00:00:00+00:00,-33.71303339,151.30068555,2019,1,905000.0
815,2019-03-27 00:00:00+00:00,-32.76085262,151.65950057,2019,1,234000.0
816,2019-04-12 00:00:00+00:00,-33.26346492,151.48395632,2019,2,550000.0
817,2019-04-12 00:00:00+00:00,-33.90951457,151.13297779,2019,2,820000.0
818,2019-04-13 00:00:00+00:00,-33.89329467,151.18459209,2019,2,3150000.0
819,2019-05-14 00:00:00+00:00,-33.61127571,150.83909044,2019,2,565000.0
820,2019-05-31 00:00:00+00:00,-32.46580269,151.96579985,2019,2,800000.0
821,2019-07-26 00:00:00+00:00,-33.91278263,151.23825389,2019,3,850000.0
822,2019-07-29 00:00:00+00:00,-31.4349877,152.67124324,2019,3,159000.0
823,2019-08-02 00:00:00+00:00,-33.85811055,151.20499333,2019,3,3680000.0
824,2019-08-04 00:00:00+00:00,-33.74950796,150.87153082,2019,3,542000.0
825,2019-08-28 00:00:00+00:00,-34.05780787,150.73053136,2019,3,386500.0
826,2019-09-04 00:00:00+00:00,-33.728719,150.98715587,2019,3,3090225.0
827,2019-09-07 00:00:00+00:00,-35.69675815,150.19167982,2019,3,253000.0
828,2019-09-09 00:00:00+00:00,-34.90413941,150.61361573,2019,3,370000.0
829,2019-09-21 00:00:00+00:00,-33.8901287,151.20713061,2019,3,1975000.0
830,2019-10-24 00:00:00+00:00,-34.18107653,150.99501123,2019,4,650000.0
831,2019-10-26 00:00:00+00:00,-33.85737123,150.89298561,2019,4,829000.0
832,2019-10-31 00:00:00+00:00,-33.63140653,150.80061587,2019,4,649000.0
833,2019-11-14 00:00:00+00:00,-32.1902031,152.51557759,2019,4,340000.0
834,2019-11-16 00:00:00+00:00,-33.87586087,151.18190545,2019,4,3830000.0
835,2019-11-21 00:00:00+00:00,-33.0057705,151.57498849,2019,4,335000.0
836,2019-11-23 00:00:00+00:00,-33.89572969,151.18617292,2019,4,1400000.0
837,2019-12-07 00:00:00+00:00,-33.81759469,151.2440817,2019,4,690000.0
838,2019-12-09 00:00:00+00:00,-33.92601389,147.2408099,2019,4,60000.0
839,2019-12-20 00:00:00+00:00,-28.54910595,153.50573774,2019,4,490000.0
840,2019-12-20 00:00:00+00:00,-33.96606496,151.11798932,2019,4,1300000.0
841,2020-01-20 00:00:00+00:00,-32.42633681,151.54788781,2020,1,345000.0
842,2020-02-25 00:00:00+00:00,-33.72995321,151.12535046,2020,1,2500000.0
843,2020-03-02 00:00:00+00:00,-34.05157461,150.83163498,2020,1,390000.0
844,2020-03-04 00:00:00+00:00,-33.64238788,151.3261554,2020,1,2220000.0
845,2020-03-06 00:00:00+00:00,-33.88444396,151.24387888,2020,1,6000000.0
846,2020-03-07 00:00:00+00:00,-33.87087955,150.95663535,2020,1,450000.0
847,2020-03-17 00:00:00+00:00,-33.73374577,150.4656997,2020,1,515000.0
848,2020-04-30 00:00:00+00:00,-33.90765065,151.20944571,2020,2,1000000.0
849,2020-04-30 00:00:00+00:00,-33.44145616,151.34137225,2020,2,1060000.0
850,2020-05-08 00:00:00+00:00,-33.69897882,150.93782649,2020,2,1150000.0
851,2020-06-04 00:00:00+00:00,-33.75816495,151.27682512,2020,2,750000.0
852,2020-06-05 00:00:00+00:00,-28.19672078,153.50977413,2020,2,542000.0
853,2020-07-06 00:00:00+00:00,-30.50089029,151.66771976,2020,3,475000.0
854,2020-08-12 00:00:00+00:00,-33.75007866,150.72418471,2020,3,653000.0
855,2020-08-20 00:00:00+00:00,-28.82310723,153.52871192,2020,3,341000.0
856,2020-08-20 00:00:00+00:00,-33.96136294,151.09209527,2020,3,753000.0
857,2020-09-12 00:00:00+00:00,-33.71925441,150.89840044,2020,3,720000.0
858,2020-09-14 00:00:00+00:00,-33.96234545,150.82431745,2020,3,390000.0
859,2020-09-15 00:00:00+00:00,-31.56701244,152.83000705,2020,3,265000.0
860,2020-09-15 00:00:00+00:00,-33.94280482,151.22680947,2020,3,773000.0
861,2020-09-29 00:00:00+00:00,-34.44446717,150.85253542,2020,3,440000.0
862,2020-10-14 00:00:00+00:00,-33.81899835,151.20929918,2020,4,2645000.0
863,2020-10-15 00:00:00+00:00,-33.74210637,150.85480699,2020,4,580000.0
864,2020-10-29 00:00:00+00:00,-32.35664107,149.53276503,2020,4,274000.0
865,2020-10-31 00:00:00+00:00,-33.88707125,151.19725986,2020,4,1575000.0
866,2020-11-12 00:00:00+00:00,-30.45868582,152.90287455,2020,4,790000.0
867,2020-11-14 00:00:00+00:00,-33.95999082,151.02901845,2020,4,1220000.0
868,2020-11-18 00:00:00+00:00,-32.28129543,148.63350254,2020,4,190000.0
869,2020-11-21 00:00:00+00:00,-30.27651772,153.13543687,2020,4,1301000.0
870,2020-11-23 00:00:00+00:00,-33.8898186,150.89677945,2020,4,714900.0
871,2020-11-25 00:00:00+00:00,-33.81928686,151.09226221,2020,4,710000.0
872,2020-12-11 00:00:00+00:00,-32.96549801,151.70936778,2020,4,390000.0
873,2021-02-05 00:00:00+00:00,-33.76006927,151.1311139,2021,1,2600000.0
874,2021-02-26 00:00:00+00:00,-33.70827671,151.10939224,2021,1,768500.0
875,2021-03-03 00:00:00+00:00,-34.72788207,149.7085177,2021,1,238000.0
876,2021-03-18 00:00:00+00:00,-34.52429333,146.33332299,2021,1,170000.0
877,2021-03-22 00:00:00+00:00,-33.89298403,151.1356137,2021,1,2220000.0
878,2021-03-22 00:00:00+00:00,-33.78028294,151.12053444,2021,1,1255000.0
879,2021-03-26 00:00:00+00:00,-33.83416089,151.12704252,2021,1,615000.0
880,2021-04-07 00:00:00+00:00,-34.64247029,150.77407357,2021,2,1250000.0
881,2021-04-16 00:00:00+00:00,-33.78181464,151.07011789,2021,2,820000.0
882,2021-05-05 00:00:00+00:00,-32.57054224,151.17426462,2021,2,432000.0
883,2021-05-07 00:00:00+00:00,-33.75271435,151.14661094,2021,2,775000.0
884,2021-05-28 00:00:00+00:00,-34.55434102,149.53657003,2021,2,405000.0
885,2021-06-08 00:00:00+00:00,-29.54421438,148.57558365,2021,2,70000.0
886,2021-06-11 00:00:00+00:00,-33.89447372,151.0742122,2021,2,1200000.0
887,2021-06-12 00:00:00+00:00,-33.9212624,150.84692687,2021,2,1150000.0
888,2021-06-13 00:00:00+00:00,-33.91922701,151.08530949,2021,2,1610000.0
889,2021-06-16 00:00:00+00:00,-34.06859624,150.81890064,2021,2,740000.0
890,2021-06-17 00:00:00+00:00,-33.79960574,151.1288807,2021,2,3142282.0
891,2021-06-23 00:00:00+00:00,-33.91220232,150.98702722,2021,2,1012000.0
892,2021-06-25 00:00:00+00:00,-34.00409372,150.73779241,2021,2,1165000.0
893,2021-07-12 00:00:00+00:00,-33.81987787,150.95320584,2021,3,850000.0
894,2021-07-16 00:00:00+00:00,-33.89779837,151.20102263,2021,3,20100000.0
895,2021-07-16 00:00:00+00:00,-32.60588569,149.59094232,2021,3,225000.0
896,2021-07-21 00:00:00+00:00,-34.31634404,150.92231664,2021,3,900000.0
897,2021-07-27 00:00:00+00:00,-33.14427211,151.50646589,2021,3,1310000.0
898,2021-08-03 00:00:00+00:00,-33.86154964,151.07849833,2021,3,615000.0
899,2021-08-06 00:00:00+00:00,-34.08423891,151.15358891,2021,3,2100000.0
900,2021-09-02 00:00:00+00:00,-33.72479961,151.29642756,2021,3,980000.0
901,2021-09-15 00:00:00+00:00,-33.71030758,151.14888917,2021,3,2915000.0
902,2021-09-20 00:00:00+00:00,-33.92951835,150.92500021,2021,3,380000.0
903,2021-10-01 00:00:00+00:00,-34.71539545,145.99264683,2021,4,2750000.0
904,2021-10-05 00:00:00+00:00,-33.92050549,151.03621141,2021,4,448000.0
905,2021-10-12 00:00:00+00:00,-32.66870742,152.03726825,2021,4,16000.0
906,2021-10-15 00:00:00+00:00,-33.76685574,151.04020152,2021,4,1950000.0
907,2021-10-20 00:00:00+00:00,-33.25787369,151.55026223,2021,4,900000.0
908,2021-10-25 00:00:00+00:00,-34.57144963,150.75951508,2021,4,755000.0
909,2021-11-05 00:00:00+00:00,-33.47813471,151.43694089,2021,4,810000.0
910,2021-11-13 00:00:00+00:00,-28.17512116,153.54306498,2021,4,733500.0
911,2021-11-18 00:00:00+00:00,-32.60892751,151.85270541,2021,4,550000.0
912,2021-11-19 00:00:00+00:00,-33.88712439,151.12314048,2021,4,1000000.0
913,2021-12-02 00:00:00+00:00,-33.9492754,151.24986268,2021,4,1380000.0
914,2021-12-10 00:00:00+00:00,-33.87849864,151.21208808,2021,4,1370000.0
915,2021-12-13 00:00:00+00:00,-34.49075608,150.42248734,2021,4,925000.0
916,2021-12-18 00:00:00+00:00,-33.69450112,151.30980313,2021,4,4200000.0
917,2022-01-14 00:00:00+00:00,-35.1596855,150.58927542,2022,1,1700000.0
918,2022-01-18 00:00:00+00:00,-35.399817,149.16892992,2022,1,709900.0
919,2022-02-08 00:00:00+00:00,-35.69997706,150.21209987,2022,1,1200000.0
920,2022-02-10 00:00:00+00:00,-32.70190492,151.60037508,2022,1,700000.0
921,2022-02-21 00:00:00+00:00,-33.93942037,150.80103998,2022,1,648000.0
922,2022-03-16 00:00:00+00:00,-33.94025791,151.23635004,2022,1,4500000.0
923,2022-03-29 00:00:00+00:00,-33.846526,151.11214296,2022,1,2100000.0
924,2022-04-14 00:00:00+00:00,-31.09628014,150.73807551,2022,2,5500000.0
925,2022-04-22 00:00:00+00:00,-33.90161087,151.25402933,2022,2,645000.0
926,2022-05-20 00:00:00+00:00,-29.78004406,151.13097688,2022,2,155000.0
927,2022-06-21 00:00:00+00:00,-33.81428252,151.13696001,2022,2,2005000.0
928,2022-06-22 00:00:00+00:00,-34.75361662,150.49003389,2022,2,550000.0
929,2022-07-15 00:00:00+00:00,-34.84076569,148.91433528,2022,3,905000.0
930,2022-07-21 00:00:00+00:00,-35.26128977,149.4378256,2022,3,1100000.0
931,2022-08-01 00:00:00+00:00,-33.26333584,151.54948541,2022,3,660000.0
932,2022-08-27 00:00:00+00:00,-33.66302695,150.90786601,2022,3,5000000.0
933,2022-09-20 00:00:00+00:00,-32.23619834,148.24784322,2022,3,70000.0
934,2022-09-21 00:00:00+00:00,-33.39526359,151.34877272,2022,3,680000.0
935,2022-09-29 00:00:00+00:00,-33.793292,151.24652303,2022,3,1891000.0
936,2022-09-30 00:00:00+00:00,-32.71896403,151.53880047,2022,3,600000.0
937,2022-10-10 00:00:00+00:00,-33.83204354,151.01299545,2022,4,655000.0
938,2022-10-25 00:00:00+00:00,-34.04876497,151.01991155,2022,4,1363000.0
939,2022-10-26 00:00:00+00:00,-30.98213405,150.25167842,2022,4,650000.0
940,2022-11-05 00:00:00+00:00,-36.07572696,146.91819767,2022,4,440000.0
941,2022-11-17 00:00:00+00:00,-34.08750339,150.83189768,2022,4,465000.0
942,2022-12-06 00:00:00+00:00,-33.6975767,151.27757237,2022,4,3385000.0
943,2022-12-14 00:00:00+00:00,-33.48977693,151.44019428,2022,4,1405000.0
944,2023-01-21 00:00:00+00:00,-33.88727857,150.60581891,2023,1,844500.0
945,2023-02-02 00:00:00+00:00,-33.10452291,151.47878996,2023,1,530000.0
946,2023-02-21 00:00:00+00:00,-34.08894882,151.00444463,2023,1,1525000.0
947,2023-03-01 00:00:00+00:00,-33.46707865,151.37821673,2023,1,640000.0
948,2023-04-14 00:00:00+00:00,-32.24333062,148.64320119,2023,2,550000.0
949,2023-05-12 00:00:00+00:00,-28.21496418,153.53651067,2023,2,530000.0
950,2023-05-23 00:00:00+00:00,-34.04567845,150.74708626,2023,2,720000.0
951,2023-06-03 00:00:00+00:00,-33.84505148,151.01230761,2023,2,1480000.0
952,2023-06-09 00:00:00+00:00,-34.53998576,150.36715953,2023,2,900000.0
953,2023-06-16 00:00:00+00:00,-32.28935984,148.71896417,2023,2,1201000.0
954,2023-06-23 00:00:00+00:00,-31.81540757,152.51959808,2023,2,649000.0
955,2023-06-28 00:00:00+00:00,-33.68979395,150.9340732,2023,2,1650000.0
956,2023-07-01 00:00:00+00:00,-33.77624726,151.08529789,2023,3,845000.0
957,2023-07-04 00:00:00+00:00,-33.65194153,151.04364507,2023,3,1870000.0
958,2023-07-09 00:00:00+00:00,-33.77861539,150.91802613,2023,3,950000.0
959,2023-07-11 00:00:00+00:00,-34.06093192,151.14777747,2023,3,6150000.0
960,2023-07-20 00:00:00+00:00,-33.98400157,151.07664683,2023,3,2650000.0
961,2023-08-11 00:00:00+00:00,-32.18054398,152.51594012,2023,3,890000.0
962,2023-08-16 00:00:00+00:00,-28.73655863,153.05480896,2023,3,50000.0
963,2023-08-25 00:00:00+00:00,-35.97812201,146.61906026,2023,3,160000.0
964,2023-09-05 00:00:00+00:00,-33.86805217,150.90994809,2023,3,670000.0
965,2023-09-13 00:00:00+00:00,-32.97508566,151.69553896,2023,3,815000.0
966,2023-09-16 00:00:00+00:00,-33.92001899,151.07001945,2023,3,415000.0
967,2023-10-12 00:00:00+00:00,-35.81496565,150.14296279,2023,4,700000.0
968,2023-11-16 00:00:00+00:00,-32.76394621,151.6496921,2023,4,525000.0
969,2023-12-22 00:00:00+00:00,-31.55280739,152.8509594,2023,4,800000.0
970,2024-01-10 00:00:00+00:00,-34.48301047,150.77168608,2024,1,795000.0
971,2024-02-16 00:00:00+00:00,-33.68993117,150.94031277,2024,1,1720000.0
972,2024-02-22 00:00:00+00:00,-33.70944677,150.87264001,2024,1,1400000.0
973,2024-03-01 00:00:00+00:00,-32.91048274,151.67346091,2024,1,580000.0
974,2024-03-06 00:00:00+00:00,-34.01811561,150.75678925,2024,1,1289000.0
975,2024-03-09 00:00:00+00:00,-33.93986981,151.07737284,2024,1,1480000.0
976,2024-03-15 00:00:00+00:00,-33.91406313,151.20453519,2024,1,856000.0
977,2024-03-25 00:00:00+00:00,-33.70865205,151.02824332,2024,1,2301000.0
978,2024-03-27 00:00:00+00:00,-33.93514769,151.15645924,2024,1,730000.0
979,2024-03-28 00:00:00+00:00,-33.86147456,151.17905593,2024,1,2827000.0
980,2024-04-11 00:00:00+00:00,-34.04303056,151.12497346,2024,2,890000.0
981,2024-05-02 00:00:00+00:00,-33.43100436,151.34409626,2024,2,1295000.0
982,2024-05-15 00:00:00+00:00,-33.8572629,151.11850174,2024,2,845000.0
983,2024-05-31 00:00:00+00:00,-33.81546901,151.00481548,2024,2,357000.0
984,2024-06-03 00:00:00+00:00,-33.9613956,151.13655891,2024,2,900000.0
985,2024-06-07 00:00:00+00:00,-33.90298275,151.19273242,2024,2,900000.0
986,2024-07-01 00:00:00+00:00,-33.8806221,151.20934139,2024,3,650000.0
987,2024-08-23 00:00:00+00:00,-33.8483682,150.89743227,2024,3,1000000.0
988,2024-08-27 00:00:00+00:00,-30.63393023,151.46835583,2024,3,325000.0
989,2024-08-27 00:00:00+00:00,-33.52478599,149.25722286,2024,3,307500.0
990,2024-09-06 00:00:00+00:00,-32.83246772,151.35059626,2024,3,500000.0
991,2024-09-06 00:00:00+00:00,-32.76023155,151.29580855,2024,3,4015000.0
992,2024-09-09 00:00:00+00:00,-33.894348,151.14416029,2024,3,845000.0
993,2024-09-09 00:00:00+00:00,-34.58368801,150.76554678,2024,3,780000.0
994,2024-09-23 00:00:00+00:00,-31.51717553,150.66648356,2024,3,230000.0
995,2024-10-01 00:00:00+00:00,-32.66980244,152.17686389,2024,4,435000.0
996,2024-10-08 00:00:00+00:00,-33.87589547,151.20479554,2024,4,10000.0
997,2024-11-26 00:00:00+00:00,-33.13059536,148.17927557,2024,4,395000.0
998,2025-01-16 00:00:00+00:00,-28.21377455,153.53387288,2025,1,880000.0
999,2025-01-30 00:00:00+00:00,-35.36228489,149.23059513,2025,1,750000.0
